{
  "integrations": [
    {
      "id": "e0af72bf-1909-45e5-b26a-78e53b8ca697",
      "name": "Get Queue Info - Do Nothing Trigger",
      "action": "RUN_SCRIPT",
      "type": "INBOUND_WEBHOOK",
      "deployed": true,
      "form": "0de7f50b-f4bd-4bcd-9d8b-f550a49831b4",
      "environment": "HOSTED",
      "authType": "URL",
      "createdBy": "FLOW",
      "integrationScriptStepUuid": "619cfd72-cec3-4477-bf5b-743ee5fcf5ed"
    }
  ],
  "endpoints": [
    {
      "name": "RabbitMQ",
      "baseUrl": "http://localhost:15672",
      "type": "EXTERNAL",
      "authentication": "BASIC"
    }
  ],
  "constants": []
}