[
  {
    "id": "619cfd72-cec3-4477-bf5b-743ee5fcf5ed",
    "name": "Do Nothing Trigger",
    "description": "Just triggers a flow",
    "icon": "/static/images/script_steps/http-trigger.png",
    "script": "//",
    "endpointLabel": "",
    "allowedEnvironment": "HOSTED",
    "accessibleByAll": "NotShared",
    "scriptStepType": "CUSTOM_HTTP",
    "inputs": [],
    "outputs": [
      {
        "id": "a5e90d11-0084-436c-907a-a6d1470d9f01",
        "name": "Data",
        "description": "",
        "position": 0
      }
    ],
    "libraries": []
  },
  {
    "id": "89e1cd10-fb28-4bff-89d1-a97ceae14547",
    "name": "RabbitMQ - Get Queue Metrics",
    "description": "Get metrics about a queue from RabbitMQ.",
    "icon": "https://s3-xmatters-static.s3.amazonaws.com/null/customers/aa4ff4cd-06da-460c-b2d0-bb34ad66da69/IMAGE__20200615163852662__rabbitmq.png",
    "script": "// Make http call\nvar rabbitMQRequest = http.request({\n    'endpoint': 'RabbitMQ',\n    'path': '/api/queues',\n    'method': 'GET',\n});\n\nvar response = rabbitMQRequest.write();\n\nif (response.statusCode < 200 || response.statusCode >= 300) {\n    throw \"Failed to get data from RabbitMQ. Check that the endpoint is correct.\"\n}\n\nbody = JSON.parse(response.body);\noutput['json'] = body\nallQueues = input['Queue Name'] == \"true\" ? true : false;\nif (!allQueues) {\n    queueName = input['Queue Name'];\n    // deliver_get is the total number received\n    for (i = 0; i < body.length; i++) {\n        if (body[i].name == queueName) {\n            // get outputs\n            output['json'] = body[i];\n            output['Queue Length'] = body[i]['messages'];\n            output['Queue Publish Rate'] = body[i]['message_stats']['publish_details']['rate'];\n            output['Queue Deliver Rate'] = body[i]['message_stats']['deliver_get_details']['rate'];\n        }\n    }\n}",
    "endpointLabel": "RabbitMQ",
    "allowedEnvironment": "BOTH",
    "accessibleByAll": "NotShared",
    "scriptStepType": "USER",
    "inputs": [
      {
        "id": "9b2a9257-1609-4192-ba15-34becf8b649b",
        "name": "Queue Name",
        "helpText": "Queue Name to get metrics for.",
        "defaultValue": "",
        "multiline": false,
        "required": true,
        "maxLength": 2000,
        "minLength": 0,
        "position": 0
      },
      {
        "id": "55dca489-2145-492d-87c4-15ea41d477e0",
        "name": "All Queues",
        "helpText": "Either (true) or (false). Whether you would like to get all queue information or just one.",
        "defaultValue": "false",
        "multiline": false,
        "required": true,
        "maxLength": 5,
        "minLength": 4,
        "position": 1
      }
    ],
    "outputs": [
      {
        "id": "fe7074e0-00bd-4ad6-a1ad-9967a864e497",
        "name": "json",
        "position": 0
      },
      {
        "id": "59282fef-3c43-41f1-a0d0-fae4ac48b830",
        "name": "Queue Length",
        "position": 1
      },
      {
        "id": "12bff264-8216-4fd5-83a2-80b8d7e8426f",
        "name": "Queue Publish Rate",
        "position": 2
      },
      {
        "id": "9cf810ce-f368-4b3d-a929-cc6e96e0940f",
        "name": "Queue Deliver Rate",
        "position": 3
      }
    ],
    "libraries": []
  }
]