{
  "name": "Get Queue Info",
  "form": "0de7f50b-f4bd-4bcd-9d8b-f550a49831b4",
  "blocks": [
    {
      "id": "c9624ba7-a478-4f67-b0d2-c612d7ab9700",
      "label": "Get Queue Info - Do Nothing Trigger",
      "environment": "HOSTED",
      "presentation": "{\"w\":60,\"x\":0,\"h\":60,\"y\":40}",
      "step": "e0af72bf-1909-45e5-b26a-78e53b8ca697",
      "stepType": "INTEGRATION"
    },
    {
      "id": "1085ce94-9dca-456a-ad43-02a83aa00e73",
      "endpoint": "RabbitMQ",
      "label": "RabbitMQ - Get Queue Metrics",
      "environment": "ONPREMISE",
      "presentation": "{\"w\":60,\"x\":220,\"h\":60,\"y\":40}",
      "step": "89e1cd10-fb28-4bff-89d1-a97ceae14547",
      "stepType": "SCRIPT_STEP",
      "inputMappings": [
        {
          "inputPort": "input",
          "mapping": "hello",
          "stepInput": "9b2a9257-1609-4192-ba15-34becf8b649b"
        },
        {
          "inputPort": "input",
          "mapping": "false",
          "stepInput": "55dca489-2145-492d-87c4-15ea41d477e0"
        }
      ]
    }
  ],
  "edges": [
    {
      "fromBlock": "c9624ba7-a478-4f67-b0d2-c612d7ab9700",
      "fromPort": "output",
      "toBlock": "1085ce94-9dca-456a-ad43-02a83aa00e73",
      "toPort": "input"
    }
  ]
}